timestamp,path,referrer,ip
2026-04-02 04:13,/,http://localhost:5174/,127.0.0.1
2026-04-02 04:13,/,http://localhost:5174/,127.0.0.1
2026-04-02 08:44,/,http://localhost:5174/,127.0.0.1
2026-04-02 08:44,/,http://localhost:5174/,127.0.0.1
2026-04-02 08:47,/,http://localhost:5174/,127.0.0.1
2026-04-02 08:47,/,http://localhost:5174/,127.0.0.1
2026-04-02 08:50,/,http://localhost:5174/,127.0.0.1
2026-04-02 08:50,/,http://localhost:5174/,127.0.0.1
2026-04-02 08:50,/,http://localhost:5174/,127.0.0.1
2026-04-02 08:50,/,http://localhost:5174/,127.0.0.1
2026-04-02 09:32,/,http://localhost:5174/,127.0.0.1
2026-04-02 09:32,/,http://localhost:5174/,127.0.0.1
2026-04-02 10:44,/,http://localhost:5174/,127.0.0.1
2026-04-02 10:44,/,http://localhost:5174/,127.0.0.1
2026-04-02 10:48,/#contact,http://localhost:5174/,127.0.0.1
